Ticker,Price,52W_High,Pct_From_52W_High,Sector
AEHR,145.61,145.61,0.0,Technology
ZIM,28.81,28.81,0.0,Unknown
AACB,10.59,10.59,-0.0,Financial Services
AMGN,419.38,419.38,0.0,Unknown
OABI,3.82,3.82,0.0,Healthcare
OBA,10.3,10.3,0.0,Unknown
OMER,17.36,17.36,0.0,Unknown
ORIQ,10.37,10.37,0.0,Unknown
ORKA,112.66,112.66,0.0,Unknown
OYSE,10.35,10.35,0.0,Unknown
PACH,10.3,10.3,0.0,Financial Services
PBAM,87.01,87.01,0.0,Unknown
PDLB,20.75,20.76,-0.0,Financial Services
RVT,19.03,19.03,0.0,Financial Services
SB,8.1,8.1,0.0,Industrials
SM,35.48,35.48,0.0,Energy
BFRI,1.35,1.35,0.0,Healthcare
BLFS,35.45,35.45,0.0,Healthcare
PLSE,46.79,46.79,0.0,Unknown
PLTS,17.5,17.5,0.0,Unknown
POLE,10.82,10.82,0.0,Financial Services
MASS,10.19,10.19,0.0,Healthcare
MBVI,10.21,10.21,0.0,Unknown
MCTA,29.35,29.35,0.0,Healthcare
MGYR,19.49,19.49,0.0,Financial Services
MKLY,10.23,10.23,0.0,Financial Services
PTGX,158.62,158.62,0.0,Unknown
QUMS,10.31,10.31,0.0,Unknown
PAII,10.26,10.26,0.0,Unknown
PBF,75.07,75.07,0.0,Energy
PSX,240.55,240.55,0.0,Energy
RAC,10.51,10.51,0.0,Financial Services
BYND,11.63,11.63,0.0,Unknown
RMAX,12.8,12.8,0.0,Unknown
RS,428.02,428.02,0.0,Basic Materials
RANG,10.76,10.76,0.0,Financial Services
RAPP,48.42,48.42,0.0,Healthcare
RCMT,40.43,40.43,0.0,Unknown
RDI,1.75,1.75,0.0,Communication Services
RELY,26.3,26.3,0.0,Unknown
RLYB,17.0,17.0,0.0,Unknown
LPBB,10.78,10.78,0.0,Financial Services
LWAC,10.35,10.35,0.0,Financial Services
MAGH,6.76,6.76,0.0,Unknown
ROKU,158.31,158.31,0.0,Communication Services
OII,54.11,54.11,0.0,Unknown
OKE,95.32,95.32,0.0,Energy
CADL,12.16,12.16,0.0,Healthcare
CAPN,11.1,11.1,0.0,Financial Services
CBLL,24.4,24.4,0.0,Unknown
CCAQ,10.52,10.52,0.0,Financial Services
OPHC,10.09,10.09,0.0,Unknown
RRGB,10.59,10.59,0.0,Unknown
RVMD,212.0,212.0,0.0,Healthcare
SBUX,107.92,107.93,-0.0,Unknown
KRNY,9.77,9.77,0.0,Financial Services
KYMR,121.41,121.41,0.0,Healthcare
LFST,12.55,12.55,0.0,Unknown
SDHI,10.48,10.48,0.0,Financial Services
MGA,71.29,71.29,0.0,Consumer Cyclical
MPC,358.18,358.18,0.0,Unknown
MRK,135.97,135.97,0.0,Unknown
CGEM,20.59,20.59,0.0,Unknown
CGON,77.11,77.11,0.0,Unknown
CHAR,10.93,10.93,0.0,Financial Services
NAT,6.82,6.82,0.0,Energy
NOV,21.6,21.6,0.0,Energy
TACH,10.49,10.49,0.0,Unknown
TALK,5.25,5.25,0.0,Healthcare
IOVA,7.1,7.1,0.0,Unknown
JRSH,5.64,5.64,0.0,Consumer Cyclical
KCHV,10.43,10.43,0.0,Unknown
TECH,72.39,72.4,-0.0,Unknown
TLF,2.6,2.6,0.0,Unknown
INSW,98.36,98.36,0.0,Energy
IVZ,32.57,32.57,0.0,Financial Services
CLST,17.61,17.61,0.0,Financial Services
CLYM,17.44,17.44,0.0,Healthcare
CRAQ,10.35,10.35,0.0,Unknown
CRNX,84.75,84.75,0.0,Unknown
LH,323.34,323.48,-0.0,Unknown
LPG,48.42,48.42,0.0,Energy
TPCS,6.23,6.23,0.0,Unknown
TVTX,63.53,63.53,0.0,Unknown
TWIN,25.16,25.16,0.0,Unknown
URGN,49.14,49.14,0.0,Unknown
IESC,793.96,793.96,0.0,Industrials
IMVT,43.71,43.71,0.0,Healthcare
VCTR,118.81,118.81,0.0,Financial Services
GENC,20.0,20.0,0.0,Industrials
HBB,34.0,34.0,0.0,Consumer Cyclical
HP,44.72,44.72,0.0,Unknown
CZNC,25.99,26.0,-0.0,Unknown
DMAA,10.72,10.72,0.0,Unknown
VSEC,243.48,243.48,0.0,Industrials
WASH,40.22,40.22,0.0,Financial Services
GTERA,10.39,10.39,0.0,Unknown
HFBL,24.2,24.2,0.0,Unknown
WTG,10.49,10.49,0.0,Unknown
XHLD,7.36,7.36,0.0,Unknown
ACU,61.91,61.91,0.0,Consumer Defensive
AII,25.01,25.01,0.0,Unknown
AIR,153.71,153.71,0.0,Unknown
ANRO,33.6,33.6,0.0,Unknown
ATI,231.78,231.78,0.0,Unknown
AVBC,22.41,22.41,0.0,Unknown
GIW,10.14,10.14,0.0,Unknown
EXPD,188.27,188.27,0.0,Industrials
FET,86.31,86.31,0.0,Unknown
DRDB,10.65,10.65,0.0,Financial Services
EBC,23.65,23.65,0.0,Financial Services
EFSI,43.69,43.69,0.0,Financial Services
BBT,32.61,32.61,0.0,Unknown
BBVA,28.8,28.8,0.0,Financial Services
BNY,164.27,164.27,0.0,Financial Services
BRBS,4.0,4.0,0.0,Unknown
FRD,48.08,48.08,0.0,Unknown
CVE,32.13,32.13,0.0,Unknown
DAC,146.28,146.28,0.0,Industrials
DAR,67.67,67.67,0.0,Unknown
DHX,4.25,4.25,0.0,Technology
DINO,94.99,94.99,0.0,Unknown
EHLD,10.68,10.68,0.0,Unknown
ETON,61.73,61.73,0.0,Unknown
EBF,22.32,22.32,0.0,Unknown
CHMI,2.92,2.92,0.0,Real Estate
CMBT,17.37,17.37,0.0,Unknown
CON,35.53,35.53,0.0,Unknown
FDMT,14.55,14.55,0.0,Unknown
FHTX,6.74,6.74,0.0,Unknown
COPL,10.5,10.5,-0.0,Financial Services
CRL,286.64,286.64,0.0,Unknown
WT,23.09,23.09,0.0,Unknown
VLO,347.19,347.19,0.0,Unknown
WHD,73.45,73.45,0.0,Unknown
NKSH,42.61,42.63,-0.0,Unknown
NMP,10.33,10.33,0.0,Unknown
NNBR,4.11,4.11,0.0,Unknown
NSTS,13.89,13.89,0.0,Financial Services
NTRS,191.47,191.47,0.0,Financial Services
STT,193.04,193.04,0.0,Financial Services
SXT,133.45,133.47,-0.0,Basic Materials
ASRV,5.24,5.24,0.0,Financial Services
ATLO,31.88,31.88,0.0,Financial Services
ATRC,44.77,44.77,0.0,Unknown
AVAH,12.69,12.69,0.0,Unknown
AVT,98.63,98.63,0.0,Technology
UFI,8.03,8.03,0.0,Consumer Cyclical
URI,1164.82,1164.82,0.0,Industrials
UTZ,14.15,14.17,-0.1,Unknown
NRIX,27.17,27.19,-0.1,Unknown
FBRX,76.89,76.98,-0.1,Unknown
CLH,326.05,326.34,-0.1,Unknown
ECPG,103.68,103.74,-0.1,Financial Services
FACT,10.67,10.68,-0.1,Unknown
ISTR,30.91,30.95,-0.1,Financial Services
UMBF,151.95,152.04,-0.1,Financial Services
SZZL,10.41,10.42,-0.1,Unknown
SVCC,10.63,10.64,-0.1,Financial Services
IOSP,93.83,93.97,-0.1,Unknown
SPEG,10.34,10.35,-0.1,Unknown
HALO,103.0,103.12,-0.1,Unknown
WENN,10.38,10.39,-0.1,Financial Services
HLX,10.54,10.55,-0.1,Energy
IEX,240.39,240.52,-0.1,Unknown
XRPN,10.49,10.5,-0.1,Financial Services
AFG,146.6,146.73,-0.1,Unknown
ATKR,93.71,93.83,-0.1,Industrials
GSHR,10.51,10.52,-0.1,Unknown
CEPO,10.67,10.68,-0.1,Financial Services
UYSC,10.84,10.85,-0.1,Unknown
OGN,13.7,13.72,-0.1,Healthcare
CCG,16.99,17.01,-0.1,Unknown
BFST,32.11,32.13,-0.1,Financial Services
ALDF,10.77,10.78,-0.1,Unknown
QSEA,10.65,10.66,-0.1,Unknown
TDAC,10.85,10.87,-0.2,Unknown
BOTJ,27.73,27.79,-0.2,Financial Services
TVAI,10.37,10.39,-0.2,Unknown
DAAQ,10.41,10.44,-0.2,Unknown
JHI,13.43,13.46,-0.2,Financial Services
MTG,31.11,31.16,-0.2,Unknown
ING,35.63,35.7,-0.2,Unknown
SAFT,103.36,103.58,-0.2,Unknown
KFII,10.61,10.63,-0.2,Financial Services
AAMI,92.99,93.16,-0.2,Unknown
NLY,23.37,23.42,-0.2,Real Estate
FRST,16.64,16.67,-0.2,Financial Services
FSEA,17.08,17.11,-0.2,Financial Services
CM,123.45,123.74,-0.2,Financial Services
EGHA,10.35,10.37,-0.2,Financial Services
TY,36.0,36.06,-0.2,Financial Services
BNS,91.35,91.54,-0.2,Unknown
APGE,134.59,134.84,-0.2,Healthcare
RY,216.19,216.57,-0.2,Unknown
BOKF,145.72,146.07,-0.2,Unknown
BLUW,10.36,10.38,-0.2,Financial Services
SOUL,10.43,10.45,-0.2,Unknown
LCCC,10.49,10.51,-0.2,Unknown
RDAG,10.38,10.4,-0.2,Financial Services
ALOT,28.89,28.95,-0.2,Unknown
NTWO,10.71,10.74,-0.3,Financial Services
WCC,372.96,374.1,-0.3,Industrials
NMIH,45.56,45.71,-0.3,Unknown
NPAC,10.45,10.49,-0.3,Financial Services
FERA,10.47,10.5,-0.3,Financial Services
ATAI,7.24,7.26,-0.3,Unknown
FDSB,18.31,18.36,-0.3,Unknown
CPBI,20.93,21.0,-0.3,Financial Services
CSTE,3.43,3.44,-0.3,Industrials
IBCP,38.38,38.5,-0.3,Unknown
JENA,10.41,10.44,-0.3,Financial Services
ACT,49.78,49.94,-0.3,Financial Services
KOYN,10.2,10.23,-0.3,Unknown
OSBC,25.83,25.91,-0.3,Financial Services
PROV,17.95,18.01,-0.3,Financial Services
NWG,19.04,19.1,-0.3,Financial Services
MUFG,23.03,23.1,-0.3,Unknown
YHNA,10.96,10.99,-0.3,Financial Services
WTBA,29.92,30.0,-0.3,Financial Services
HTFL,41.94,42.08,-0.3,Unknown
WSFS,81.81,82.09,-0.3,Financial Services
ACA,145.01,145.4,-0.3,Unknown
GAM,67.71,67.89,-0.3,Financial Services
TDW,93.97,94.28,-0.3,Energy
DSGR,34.87,34.96,-0.3,Unknown
EVAC,10.27,10.3,-0.3,Unknown
FBNC,66.12,66.34,-0.3,Financial Services
BMO,185.28,185.81,-0.3,Unknown
FRBA,18.96,19.02,-0.3,Unknown
FCCO,34.7,34.84,-0.4,Financial Services
TD,124.34,124.8,-0.4,Unknown
ATRO,93.05,93.45,-0.4,Unknown
MLR,56.62,56.86,-0.4,Unknown
PXS,5.14,5.16,-0.4,Unknown
RLAY,20.67,20.75,-0.4,Unknown
SSEA,10.28,10.32,-0.4,Unknown
VNME,10.23,10.27,-0.4,Financial Services
HZO,52.25,52.46,-0.4,Consumer Cyclical
JACS,10.71,10.75,-0.4,Financial Services
INAC,10.31,10.35,-0.4,Unknown
SMHI,9.82,9.86,-0.4,Industrials
SFST,64.35,64.6,-0.4,Financial Services
BBDC,9.39,9.43,-0.4,Unknown
AMAL,50.82,51.08,-0.5,Financial Services
BANR,73.65,74.01,-0.5,Financial Services
RPRX,59.45,59.73,-0.5,Unknown
SCHW,110.58,111.09,-0.5,Financial Services
PEBK,44.6,44.84,-0.5,Financial Services
ETO,31.94,32.1,-0.5,Financial Services
FRAF,63.84,64.17,-0.5,Unknown
FBP,29.54,29.7,-0.5,Financial Services
WBS,78.69,79.07,-0.5,Unknown
FNB,19.4,19.49,-0.5,Financial Services
DXPE,199.91,200.84,-0.5,Industrials
PRU,124.56,125.13,-0.5,Financial Services
PGAC,10.69,10.74,-0.5,Unknown
MTB,252.86,254.09,-0.5,Financial Services
NDSN,309.83,311.36,-0.5,Industrials
BPOP,176.91,177.87,-0.5,Financial Services
BSVN,52.09,52.34,-0.5,Unknown
OPY,118.26,118.82,-0.5,Financial Services
RMT,14.61,14.68,-0.5,Unknown
REGN,805.93,810.08,-0.5,Healthcare
MACI,10.94,10.99,-0.5,Financial Services
MSGS,411.94,414.12,-0.5,Communication Services
WSBC,42.48,42.7,-0.5,Financial Services
HNVR,27.4,27.53,-0.5,Financial Services
SLAB,219.29,220.34,-0.5,Technology
COSO,27.83,28.01,-0.6,Financial Services
CUB,10.84,10.91,-0.6,Financial Services
CVBF,23.15,23.3,-0.6,Financial Services
VREX,18.46,18.58,-0.6,Healthcare
RBKB,12.68,12.76,-0.6,Unknown
SMC,34.74,34.96,-0.6,Energy
MPB,38.19,38.43,-0.6,Financial Services
CBNK,37.66,37.88,-0.6,Financial Services
FNWD,45.0,45.28,-0.6,Financial Services
CFG,74.31,74.73,-0.6,Financial Services
CNQ,49.27,49.57,-0.6,Unknown
ENVA,263.91,265.45,-0.6,Unknown
PAYO,7.13,7.17,-0.6,Unknown
ITT,219.81,221.24,-0.6,Industrials
NIC,177.9,179.02,-0.6,Unknown
PKBK,34.9,35.13,-0.7,Financial Services
XPRO,18.57,18.71,-0.7,Energy
SSB,110.82,111.59,-0.7,Unknown
PR,22.18,22.33,-0.7,Energy
SYRE,104.6,105.33,-0.7,Unknown
GNW,10.09,10.16,-0.7,Financial Services
EFC,13.59,13.68,-0.7,Real Estate
FHI,64.15,64.57,-0.7,Financial Services
FCBC,49.18,49.52,-0.7,Financial Services
BWFG,67.66,68.13,-0.7,Unknown
BSIN,1.42,1.43,-0.7,Unknown
BWB,22.33,22.49,-0.7,Financial Services
TWST,124.41,125.29,-0.7,Unknown
USCB,22.5,22.67,-0.7,Financial Services
GBTG,9.44,9.51,-0.7,Consumer Cyclical
EQBK,51.37,51.73,-0.7,Financial Services
HWM,289.12,291.28,-0.7,Industrials
SFNC,23.94,24.12,-0.7,Financial Services
NUE,272.68,274.74,-0.7,Basic Materials
CCII,10.33,10.4,-0.7,Financial Services
FHN,26.02,26.22,-0.8,Financial Services
USB,64.87,65.42,-0.8,Financial Services
FNLC,35.37,35.66,-0.8,Financial Services
CBAN,22.09,22.27,-0.8,Financial Services
BDX,182.09,183.58,-0.8,Healthcare
DCO,205.23,206.98,-0.8,Industrials
EWBC,135.52,136.6,-0.8,Financial Services
NWBI,15.69,15.81,-0.8,Financial Services
FMAO,35.03,35.33,-0.8,Financial Services
ITGR,125.08,126.07,-0.8,Unknown
LTH,45.34,45.7,-0.8,Unknown
TRMK,48.13,48.52,-0.8,Financial Services
LXP,60.66,61.15,-0.8,Real Estate
UBSI,48.98,49.37,-0.8,Financial Services
ASB,32.06,32.33,-0.8,Financial Services
HBT,36.94,37.22,-0.8,Financial Services
LARK,31.99,32.25,-0.8,Financial Services
OFG,53.52,53.95,-0.8,Financial Services
LEGH,29.1,29.33,-0.8,Unknown
RUSHA,82.13,82.76,-0.8,Unknown
CATY,64.4,64.93,-0.8,Financial Services
PFIS,71.41,71.98,-0.8,Financial Services
RTX,221.64,223.38,-0.8,Industrials
MVBF,30.69,30.95,-0.8,Financial Services
ONB,27.07,27.29,-0.8,Financial Services
SHEL,91.62,92.49,-0.9,Unknown
GABC,50.94,51.38,-0.9,Financial Services
ARMK,61.8,62.39,-0.9,Industrials
XNCR,23.12,23.34,-0.9,Unknown
HEI,371.28,374.67,-0.9,Industrials
AIT,358.78,361.95,-0.9,Unknown
HOMB,31.11,31.39,-0.9,Unknown
RJF,179.48,181.18,-0.9,Financial Services
HBCP,71.85,72.51,-0.9,Financial Services
DNTH,114.86,115.96,-0.9,Healthcare
KNTK,52.98,53.44,-0.9,Unknown
CLBK,11.68,11.79,-0.9,Financial Services
CLMT,48.35,48.79,-0.9,Unknown
SBCF,35.8,36.13,-0.9,Unknown
PNC,254.55,256.97,-0.9,Financial Services
SPFI,45.35,45.77,-0.9,Financial Services
TMP,100.28,101.21,-0.9,Financial Services
SEIC,105.47,106.39,-0.9,Financial Services
RAMP,37.68,38.01,-0.9,Technology
PBYI,8.82,8.91,-1.0,Healthcare
ECBK,20.64,20.85,-1.0,Unknown
ECOR,10.25,10.35,-1.0,Unknown
ETN,455.4,459.96,-1.0,Industrials
ORRF,43.03,43.48,-1.0,Financial Services
ALF,10.84,10.95,-1.0,Financial Services
CXW,33.58,33.92,-1.0,Unknown
KRT,47.8,48.26,-1.0,Unknown
PB,74.48,75.25,-1.0,Financial Services
RRBI,102.4,103.43,-1.0,Unknown
RUSHB,80.23,81.04,-1.0,Unknown
CORT,117.17,118.32,-1.0,Unknown
GTEN,10.59,10.7,-1.0,Financial Services
SBXD,10.82,10.93,-1.0,Financial Services
BFC,156.88,158.42,-1.0,Unknown
BHB,40.33,40.73,-1.0,Financial Services
HOPE,14.36,14.5,-1.0,Financial Services
TXG,57.99,58.57,-1.0,Unknown
SOPH,7.63,7.71,-1.0,Healthcare
CBSH,59.71,60.33,-1.0,Financial Services
P,116.99,118.16,-1.0,Technology
AXGN,49.15,49.67,-1.0,Unknown
ARWR,88.7,89.59,-1.0,Unknown
DRI,225.5,227.68,-1.0,Consumer Cyclical
TCBX,45.66,46.13,-1.0,Unknown
FSUN,40.98,41.4,-1.0,Financial Services
AUB,42.54,43.01,-1.1,Financial Services
EMR,162.05,163.82,-1.1,Unknown
ICUI,182.51,184.56,-1.1,Unknown
IBAC,10.88,11.0,-1.1,Financial Services
LOB,43.29,43.76,-1.1,Unknown
CBK,35.06,35.44,-1.1,Unknown
AMBP,5.22,5.28,-1.1,Consumer Cyclical
SFBS,90.53,91.53,-1.1,Unknown
BDCI,10.09,10.2,-1.1,Unknown
PCAP,10.34,10.45,-1.1,Financial Services
TALO,16.41,16.59,-1.1,Unknown
OTTR,92.63,93.69,-1.1,Industrials
SXC,9.51,9.62,-1.1,Basic Materials
ADAM,10.12,10.23,-1.1,Unknown
NXP,14.25,14.41,-1.1,Financial Services
ANGO,15.67,15.85,-1.1,Unknown
SGMT,10.43,10.55,-1.1,Healthcare
CFBK,35.92,36.31,-1.1,Unknown
NEU,951.06,961.92,-1.1,Unknown
ALNT,113.02,114.28,-1.1,Unknown
PNFP,107.35,108.52,-1.1,Financial Services
CTBI,78.48,79.46,-1.2,Financial Services
JPM,360.96,365.18,-1.2,Financial Services
HWC,78.84,79.78,-1.2,Financial Services
MFC,44.23,44.77,-1.2,Financial Services
TVC,24.08,24.36,-1.2,Unknown
TSBK,45.87,46.42,-1.2,Financial Services
AXIN,10.29,10.42,-1.2,Financial Services
UCB,36.63,37.09,-1.2,Unknown
CFR,168.07,170.08,-1.2,Financial Services
DTSQ,11.26,11.4,-1.2,Unknown
HAE,90.27,91.34,-1.2,Unknown
FMBH,51.95,52.58,-1.2,Financial Services
OBT,38.72,39.19,-1.2,Unknown
BOW,33.45,33.87,-1.2,Financial Services
THC,264.56,267.9,-1.2,Unknown
DGX,235.52,238.5,-1.2,Unknown
GD,391.14,395.97,-1.2,Industrials
FBK,61.34,62.08,-1.2,Unknown
YORW,33.06,33.46,-1.2,Utilities
KIDS,24.7,25.01,-1.2,Unknown
LGL,7.48,7.57,-1.2,Unknown
NWFL,34.09,34.5,-1.2,Financial Services
NHC,228.2,231.0,-1.2,Unknown
PLPC,475.03,480.77,-1.2,Industrials
INDB,86.04,87.17,-1.3,Financial Services
CHMG,82.79,83.92,-1.3,Financial Services
TAVI,10.69,10.83,-1.3,Financial Services
COFS,34.17,34.62,-1.3,Financial Services
CZFS,81.89,82.95,-1.3,Financial Services
JLL,370.31,375.0,-1.3,Real Estate
VOD,16.2,16.42,-1.3,Unknown
DYN,26.15,26.5,-1.3,Healthcare
MRX,71.45,72.36,-1.3,Unknown
FEIM,78.84,79.85,-1.3,Unknown
PAYS,13.0,13.17,-1.3,Unknown
FBIZ,70.95,71.86,-1.3,Financial Services
GLBS,3.67,3.72,-1.3,Unknown
BEAG,10.73,10.88,-1.3,Financial Services
BDL,47.89,48.5,-1.3,Unknown
HSIC,89.52,90.74,-1.3,Healthcare
KELYA,16.09,16.31,-1.3,Unknown
RGA,246.98,250.38,-1.4,Unknown
BAC,63.89,64.81,-1.4,Financial Services
FCF,21.51,21.81,-1.4,Financial Services
NEOG,11.87,12.04,-1.4,Unknown
CNK,37.52,38.07,-1.4,Communication Services
CET,54.9,55.68,-1.4,Financial Services
MBWM,61.14,61.98,-1.4,Financial Services
MATX,219.95,223.14,-1.4,Unknown
LILAK,8.44,8.56,-1.4,Unknown
WSBF,21.1,21.41,-1.4,Financial Services
TLNC,10.23,10.38,-1.4,Financial Services
THFF,81.61,82.79,-1.4,Financial Services
TACO,10.45,10.6,-1.4,Financial Services
VOYA,100.14,101.52,-1.4,Financial Services
NTAP,204.2,207.08,-1.4,Unknown
NESR,35.78,36.31,-1.5,Unknown
VMO,9.74,9.89,-1.5,Unknown
LZB,41.52,42.14,-1.5,Consumer Cyclical
MFG,10.83,10.99,-1.5,Unknown
UNTY,60.87,61.82,-1.5,Financial Services
CHCO,145.69,147.98,-1.5,Financial Services
JCAP,23.65,24.0,-1.5,Unknown
NTB,62.96,63.91,-1.5,Financial Services
EPD,38.61,39.22,-1.5,Unknown
BY,39.15,39.75,-1.5,Financial Services
RIBB,10.82,10.99,-1.5,Financial Services
FVCB,18.74,19.03,-1.5,Financial Services
TISI,22.36,22.71,-1.5,Unknown
ACAD,29.01,29.45,-1.5,Unknown
NBBK,22.91,23.25,-1.5,Financial Services
OVLY,34.17,34.68,-1.5,Financial Services
GSBD,9.78,9.93,-1.5,Financial Services
RVTY,116.17,117.88,-1.5,Healthcare
RBB,27.32,27.75,-1.5,Financial Services
HWBK,39.71,40.31,-1.5,Unknown
ACNB,64.37,65.43,-1.6,Financial Services
NPK,144.17,146.54,-1.6,Unknown
CCBG,51.97,52.84,-1.6,Unknown
HASI,42.13,42.83,-1.6,Financial Services
IQI,10.12,10.28,-1.6,Unknown
IMAX,52.39,53.26,-1.6,Unknown
BPRN,42.76,43.47,-1.6,Unknown
PRLB,90.86,92.32,-1.6,Unknown
BUSE,31.08,31.58,-1.6,Financial Services
SAN,14.59,14.82,-1.6,Unknown
AWR,87.87,89.28,-1.6,Utilities
BCS,27.8,28.24,-1.6,Financial Services
EQIX,1097.61,1115.94,-1.6,Real Estate
FMNB,16.12,16.38,-1.6,Financial Services
CNO,54.81,55.68,-1.6,Financial Services
GTE,9.38,9.53,-1.6,Unknown
FVN,11.7,11.89,-1.6,Unknown
BATRK,52.72,53.58,-1.6,Communication Services
FRO,42.18,42.88,-1.6,Unknown
AMP,561.63,570.68,-1.6,Unknown
VLY,14.94,15.19,-1.6,Financial Services
JXN,133.15,135.32,-1.6,Unknown
QCRH,104.84,106.59,-1.6,Financial Services
DK,67.21,68.3,-1.6,Energy
E,56.03,56.97,-1.6,Unknown
ATNI,31.57,32.11,-1.7,Unknown
VPV,11.17,11.36,-1.7,Financial Services
SRBK,20.04,20.38,-1.7,Financial Services
CSWC,24.64,25.06,-1.7,Financial Services
PRLD,5.63,5.73,-1.7,Unknown
PKG,252.97,257.43,-1.7,Consumer Cyclical
MCBS,36.16,36.77,-1.7,Financial Services
GSAT,83.03,84.43,-1.7,Communication Services
EOG,146.15,148.69,-1.7,Energy
TRST,56.8,57.78,-1.7,Financial Services
LQDT,42.71,43.47,-1.7,Unknown
WAB,300.65,305.79,-1.7,Unknown
ZION,71.58,72.82,-1.7,Financial Services
EAT,241.71,245.89,-1.7,Unknown
PLBC,62.48,63.57,-1.7,Financial Services
RMNI,4.96,5.05,-1.8,Unknown
TK,12.85,13.09,-1.8,Unknown
CBFV,37.32,38.02,-1.8,Financial Services
WTS,385.18,392.23,-1.8,Unknown
USEA,2.7,2.75,-1.8,Industrials
NBTB,53.29,54.26,-1.8,Financial Services
TILE,38.04,38.73,-1.8,Unknown
PAG,217.95,221.97,-1.8,Consumer Cyclical
ALRS,33.49,34.12,-1.8,Financial Services
PEBO,41.07,41.8,-1.8,Financial Services
FSHP,11.23,11.44,-1.8,Financial Services
CUBI,82.11,83.65,-1.8,Unknown
DCTH,17.05,17.36,-1.8,Unknown
JNJ,262.37,267.24,-1.8,Unknown
GRMN,307.5,313.16,-1.8,Technology
BCAL,21.41,21.8,-1.8,Financial Services
SAIC,124.34,126.68,-1.8,Technology
BIO,355.23,362.08,-1.9,Healthcare
BMY,64.63,65.89,-1.9,Unknown
RGEN,169.04,172.26,-1.9,Healthcare
FENC,11.83,12.06,-1.9,Healthcare
PKE,37.49,38.23,-1.9,Unknown
PH,1053.76,1073.87,-1.9,Industrials
IPEX,10.5,10.7,-1.9,Financial Services
MMM,180.21,183.78,-1.9,Unknown
PFS,24.57,25.04,-1.9,Financial Services
KRNT,17.7,18.04,-1.9,Unknown
KMTS,27.82,28.35,-1.9,Unknown
TPC,97.22,99.11,-1.9,Industrials
TRIN,17.92,18.26,-1.9,Financial Services
FXNC,31.77,32.37,-1.9,Financial Services
CAH,235.66,240.26,-1.9,Healthcare
BFH,111.25,113.4,-1.9,Unknown
FCNCA,2248.18,2291.33,-1.9,Unknown
PDEX,67.15,68.44,-1.9,Healthcare
ECO,62.7,63.92,-1.9,Industrials
RYTM,115.44,117.62,-1.9,Unknown
IGI,15.91,16.23,-1.9,Financial Services
PSA,324.31,330.47,-1.9,Real Estate
GKOS,185.62,189.45,-2.0,Unknown
CRT,10.57,10.79,-2.0,Unknown
DB,38.12,38.91,-2.0,Financial Services
WAT,407.74,416.15,-2.0,Unknown
TDY,677.27,691.3,-2.0,Unknown
RGT,15.27,15.58,-2.0,Financial Services
IMO,134.88,137.64,-2.0,Unknown
RMBI,15.86,16.19,-2.0,Unknown
QETA,11.74,11.98,-2.0,Financial Services
PMTR,10.39,10.6,-2.0,Financial Services
GSBC,80.39,82.02,-2.0,Financial Services
SOLV,86.82,88.59,-2.0,Healthcare
UHAL,73.76,75.27,-2.0,Industrials
UNM,91.51,93.33,-2.0,Financial Services
EGBN,28.55,29.12,-2.0,Financial Services
OCFC,19.64,20.04,-2.0,Unknown
MSM,124.6,127.28,-2.1,Unknown
LYV,184.44,188.46,-2.1,Communication Services
SLDE,21.6,22.07,-2.1,Financial Services
USFD,108.61,110.94,-2.1,Unknown
PK,15.0,15.32,-2.1,Unknown
FIBK,38.89,39.73,-2.1,Financial Services
BOLD,2.83,2.89,-2.1,Unknown
IIM,12.65,12.92,-2.1,Financial Services
WSBK,12.98,13.27,-2.1,Financial Services
IMNM,27.4,27.99,-2.1,Healthcare
JHX,30.43,31.08,-2.1,Unknown
HBNC,20.36,20.8,-2.1,Financial Services
KFY,83.05,84.83,-2.1,Industrials
PFG,112.97,115.41,-2.1,Financial Services
FBLA,15.53,15.86,-2.1,Financial Services
ENIC,4.56,4.66,-2.1,Utilities
MBIN,54.54,55.72,-2.1,Financial Services
DCOM,40.88,41.74,-2.1,Financial Services
GNK,26.22,26.77,-2.1,Unknown
AVNT,45.39,46.34,-2.1,Basic Materials
FAST,51.23,52.38,-2.2,Unknown
STLN,6.31,6.45,-2.2,Healthcare
AUDC,10.14,10.37,-2.2,Technology
CVU,5.73,5.86,-2.2,Industrials
DGII,83.34,85.24,-2.2,Technology
BVFL,21.36,21.83,-2.2,Unknown
IDT,66.46,67.97,-2.2,Communication Services
GHRS,29.98,30.64,-2.2,Unknown
SCL,64.72,66.21,-2.2,Unknown
HVT,28.44,29.09,-2.2,Unknown
RF,31.7,32.4,-2.2,Unknown
LILA,8.51,8.7,-2.2,Unknown
SNOW,330.11,337.38,-2.2,Unknown
KNSA,79.18,80.92,-2.2,Healthcare
TRGP,277.94,284.25,-2.2,Energy
CASS,57.26,58.54,-2.2,Unknown
AMCX,12.09,12.36,-2.2,Unknown
DLR,197.91,202.56,-2.3,Real Estate
FDX,331.49,339.35,-2.3,Industrials
MRBK,20.03,20.49,-2.3,Unknown
SBFG,27.1,27.74,-2.3,Financial Services
CHYM,31.45,32.18,-2.3,Technology
NMR,9.81,10.04,-2.3,Unknown
TKNO,7.22,7.39,-2.3,Unknown
SENEA,189.5,193.9,-2.3,Consumer Defensive
ARTNA,34.95,35.78,-2.3,Unknown
VKQ,9.78,10.01,-2.3,Unknown
VGM,10.37,10.61,-2.3,Unknown
NSC,341.12,349.28,-2.3,Industrials
WEYS,45.79,46.88,-2.3,Unknown
RAL,71.97,73.63,-2.3,Technology
CAC,58.38,59.77,-2.3,Financial Services
MGRC,121.04,123.88,-2.3,Unknown
SWX,91.26,93.37,-2.3,Unknown
MNSB,24.61,25.18,-2.3,Financial Services
CSW,342.71,350.68,-2.3,Unknown
UNP,299.9,307.32,-2.4,Industrials
OBK,53.66,54.96,-2.4,Financial Services
CCNE,34.85,35.72,-2.4,Financial Services
KO,86.98,89.08,-2.4,Consumer Defensive
IRM,129.9,133.06,-2.4,Real Estate
SMBK,51.97,53.23,-2.4,Financial Services
MCHB,16.75,17.17,-2.4,Financial Services
DRTS,14.15,14.5,-2.4,Unknown
BHRB,72.33,74.08,-2.4,Financial Services
OVID,2.89,2.96,-2.4,Unknown
FANG,206.29,211.36,-2.4,Energy
CPK,134.55,137.92,-2.4,Unknown
FDBC,54.42,55.74,-2.4,Financial Services
NBN,134.01,137.5,-2.5,Financial Services
DEA,24.53,25.17,-2.5,Real Estate
MSBI,33.32,34.19,-2.5,Financial Services
BSBK,9.25,9.49,-2.5,Unknown
RMR,20.38,20.9,-2.5,Real Estate
CEPF,10.35,10.62,-2.5,Financial Services
HAFC,32.2,33.02,-2.5,Financial Services
CZR,29.66,30.41,-2.5,Consumer Cyclical
GCMG,13.7,14.05,-2.5,Financial Services
NTRA,314.18,322.1,-2.5,Unknown
TXNM,57.58,59.05,-2.5,Utilities
ANIK,21.47,22.03,-2.5,Unknown
SN,183.62,188.59,-2.6,Unknown
AVBH,32.65,33.51,-2.6,Financial Services
CIX,30.77,31.59,-2.6,Industrials
PRAX,376.38,386.33,-2.6,Unknown
MKDW,11.69,12.0,-2.6,Unknown
BZH,33.17,34.07,-2.6,Consumer Cyclical
ELVN,59.53,61.11,-2.6,Healthcare
GCBC,34.25,35.18,-2.6,Financial Services
IQV,241.24,247.56,-2.6,Healthcare
CMTV,40.85,41.93,-2.6,Financial Services
CIVB,28.36,29.12,-2.6,Financial Services
INFU,12.16,12.49,-2.6,Unknown
PFE,26.87,27.6,-2.7,Healthcare
OIA,6.08,6.25,-2.7,Financial Services
CBRL,59.04,60.71,-2.7,Unknown
RNST,43.11,44.3,-2.7,Financial Services
PVLA,153.52,157.77,-2.7,Unknown
WTRG,39.8,40.9,-2.7,Utilities
SPHR,171.6,176.38,-2.7,Unknown
FUNC,44.93,46.18,-2.7,Unknown
NGVT,75.79,77.87,-2.7,Unknown
HTO,63.21,64.97,-2.7,Unknown
VRTX,515.55,529.65,-2.7,Unknown
FISI,41.56,42.7,-2.7,Financial Services
ZETA,28.83,29.62,-2.7,Unknown
FLYW,18.3,18.81,-2.7,Technology
BCPC,178.38,183.26,-2.7,Unknown
INVX,30.79,31.63,-2.7,Unknown
ADPT,24.77,25.45,-2.7,Unknown
CNS,83.34,85.65,-2.7,Financial Services
AEXA,11.59,11.91,-2.7,Financial Services
UMH,16.14,16.59,-2.7,Real Estate
KFFB,5.46,5.62,-2.8,Unknown
FLNT,4.15,4.27,-2.8,Unknown
SHC,18.8,19.35,-2.8,Unknown
MAKO,9.84,10.12,-2.8,Basic Materials
ITIC,288.35,296.58,-2.8,Unknown
UFCS,53.4,54.93,-2.8,Financial Services
JILL,18.68,19.21,-2.8,Consumer Cyclical
AER,150.45,154.82,-2.8,Industrials
HHS,4.18,4.3,-2.8,Unknown
NEO,16.16,16.63,-2.8,Unknown
VABK,46.19,47.54,-2.8,Financial Services
GGT,4.13,4.25,-2.8,Financial Services
BATRA,56.12,57.75,-2.8,Communication Services
GLBE,41.18,42.36,-2.8,Unknown
CTO,21.91,22.53,-2.8,Real Estate
ESEA,77.17,79.39,-2.8,Unknown
PUBM,17.27,17.78,-2.9,Unknown
JMSB,23.09,23.77,-2.9,Financial Services
TGT,151.01,155.51,-2.9,Consumer Defensive
ZD,54.31,55.91,-2.9,Communication Services
LLYVK,105.7,108.86,-2.9,Communication Services
BYFC,11.56,11.91,-2.9,Financial Services
FULT,24.47,25.19,-2.9,Financial Services
INVH,29.69,30.59,-2.9,Unknown
FUSB,16.49,16.98,-2.9,Unknown
CBNA,47.08,48.5,-2.9,Unknown
PMTS,28.7,29.57,-2.9,Financial Services
DXCM,88.76,91.48,-3.0,Unknown
PBHC,16.27,16.77,-3.0,Unknown
TFC,52.53,54.14,-3.0,Unknown
UBS,53.44,55.07,-3.0,Unknown
OPBK,15.53,16.02,-3.0,Financial Services
ASH,74.17,76.45,-3.0,Unknown
TOWN,37.59,38.76,-3.0,Financial Services
IMMR,7.51,7.74,-3.0,Technology
LLYVA,101.89,104.99,-3.0,Communication Services
EVF,4.99,5.14,-3.0,Unknown
GIC,38.61,39.8,-3.0,Industrials
RHI,42.47,43.78,-3.0,Unknown
CFFI,85.96,88.64,-3.0,Financial Services
HRTG,34.17,35.21,-3.0,Financial Services
FITB,57.6,59.37,-3.0,Financial Services
CRWS,2.95,3.04,-3.0,Unknown
DELL,479.81,494.51,-3.0,Unknown
BLK,1147.11,1183.47,-3.1,Unknown
CVX,202.7,209.23,-3.1,Unknown
CNI,126.59,130.58,-3.1,Unknown
SHEH,66.03,68.11,-3.1,Unknown
MNPR,116.49,120.21,-3.1,Unknown
AGNC,10.95,11.3,-3.1,Unknown
BWEN,5.27,5.44,-3.1,Unknown
APH,170.87,176.32,-3.1,Technology
AMG,371.4,383.41,-3.1,Financial Services
CDNA,46.38,47.85,-3.1,Unknown
LSBK,17.17,17.72,-3.1,Unknown
EMBJ,77.15,79.6,-3.1,Unknown
SFBC,46.3,47.77,-3.1,Unknown
GE,369.43,381.22,-3.1,Unknown
GEF,87.36,90.12,-3.1,Unknown
ZBRA,371.26,383.06,-3.1,Unknown
PHVS,35.32,36.46,-3.1,Healthcare
HURC,22.6,23.32,-3.1,Industrials
WTFC,160.96,166.33,-3.2,Financial Services
YARW,41.4,42.77,-3.2,Unknown
PGC,46.71,48.28,-3.2,Financial Services
OC,153.81,158.92,-3.2,Unknown
IKT,2.39,2.47,-3.2,Healthcare
MBBC,15.0,15.49,-3.2,Financial Services
SRCE,87.9,90.82,-3.2,Financial Services
ABNB,179.29,185.13,-3.2,Consumer Cyclical
IBKR,94.33,97.41,-3.2,Unknown
AOMR,8.94,9.24,-3.2,Real Estate
MFIN,11.1,11.48,-3.3,Unknown
OMC,85.46,88.36,-3.3,Communication Services
PRK,205.53,212.56,-3.3,Financial Services
ABM,47.72,49.36,-3.3,Industrials
IMUX,16.03,16.58,-3.3,Healthcare
MET,96.68,99.95,-3.3,Financial Services
KEYS,361.15,373.34,-3.3,Technology
LCUT,9.51,9.83,-3.3,Unknown
MTW,20.19,20.87,-3.3,Industrials
HSBC,103.8,107.34,-3.3,Financial Services
CNOB,32.78,33.91,-3.3,Financial Services
SMBC,76.35,79.05,-3.4,Unknown
CART,48.86,50.56,-3.4,Consumer Cyclical
UTL,54.06,55.99,-3.4,Unknown
TTC,97.5,100.89,-3.4,Industrials
MHK,135.34,140.1,-3.4,Unknown
ITW,287.28,297.32,-3.4,Unknown
SPB,87.85,90.97,-3.4,Consumer Defensive
VZ,48.06,49.77,-3.4,Communication Services
VCV,10.6,10.98,-3.5,Financial Services
HELP,11.57,11.99,-3.5,Unknown
CPIX,7.68,7.96,-3.5,Unknown
COLA,10.72,11.11,-3.5,Financial Services
HRI,173.12,179.36,-3.5,Unknown
RCBC,47.84,49.55,-3.5,Financial Services
RNGR,17.65,18.29,-3.5,Unknown
CR,218.59,226.44,-3.5,Unknown
FROG,94.64,98.1,-3.5,Unknown
EHC,121.99,126.46,-3.5,Healthcare
EVN,10.76,11.16,-3.5,Unknown
FT,7.87,8.15,-3.5,Financial Services
LFUS,471.81,489.1,-3.5,Technology
NWE,70.82,73.42,-3.5,Utilities
BIIB,209.15,216.63,-3.5,Healthcare
MBX,68.25,70.7,-3.5,Healthcare
HVII,10.51,10.9,-3.6,Financial Services
BKH,73.39,76.1,-3.6,Utilities
MHH,7.8,8.09,-3.6,Industrials
GL,179.41,186.02,-3.6,Financial Services
AMRX,18.42,19.1,-3.6,Healthcare
CVV,8.04,8.34,-3.6,Industrials
NDAQ,96.68,100.3,-3.6,Financial Services
INBK,28.85,29.94,-3.6,Unknown
MANU,23.29,24.19,-3.7,Communication Services
HPE,57.61,59.82,-3.7,Unknown
OZK,51.11,53.09,-3.7,Financial Services
GAB,5.75,5.97,-3.7,Unknown
EFSC,65.96,68.52,-3.7,Financial Services
NVT,177.21,184.1,-3.7,Unknown
MMSI,89.73,93.18,-3.7,Healthcare
FIVE,238.56,247.71,-3.7,Consumer Cyclical
EQH,51.13,53.09,-3.7,Unknown
CHRD,142.88,148.35,-3.7,Unknown
CHCI,18.77,19.49,-3.7,Unknown
OMF,65.15,67.63,-3.7,Unknown
RCEL,7.9,8.2,-3.7,Healthcare
RSKD,6.3,6.54,-3.7,Technology
OSCR,31.55,32.76,-3.7,Healthcare
MEDP,597.12,620.59,-3.8,Healthcare
NATL,46.31,48.13,-3.8,Technology
SABR,2.15,2.24,-3.8,Unknown
FRME,43.52,45.23,-3.8,Financial Services
NEXN,10.53,10.95,-3.8,Communication Services
COLB,32.34,33.61,-3.8,Financial Services
SU,66.66,69.27,-3.8,Energy
MD,26.34,27.39,-3.8,Healthcare
MCS,29.95,31.12,-3.8,Unknown
CRBG,33.18,34.49,-3.8,Unknown
MAN,56.77,59.09,-3.9,Unknown
WTTR,21.32,22.18,-3.9,Energy
LEO,6.2,6.45,-3.9,Financial Services
EXR,146.89,152.85,-3.9,Real Estate
RBCAA,96.76,100.64,-3.9,Financial Services
SHBI,23.64,24.61,-3.9,Financial Services
RBRK,101.02,105.09,-3.9,Technology
VLOS,10.71,11.14,-3.9,Unknown
KEY,23.04,23.99,-4.0,Financial Services
WAFD,37.76,39.32,-4.0,Financial Services
WABC,59.5,61.96,-4.0,Financial Services
FLR,54.74,57.0,-4.0,Industrials
MS,218.21,227.3,-4.0,Financial Services
HSBH,113.53,118.23,-4.0,Unknown
HNGE,87.87,91.57,-4.0,Unknown
IRT,16.67,17.36,-4.0,Real Estate
SENEB,188.8,196.63,-4.0,Unknown
MSGE,84.86,88.42,-4.0,Communication Services
EBMT,23.3,24.28,-4.0,Financial Services
CMDB,19.33,20.14,-4.0,Unknown
SLF,80.71,84.07,-4.0,Unknown
LPAA,10.74,11.19,-4.0,Unknown
COP,127.56,132.81,-4.0,Unknown
BOX,32.29,33.64,-4.0,Unknown
PRMB,24.38,25.39,-4.0,Unknown
LBRX,46.23,48.18,-4.0,Unknown
REPL,14.63,15.24,-4.0,Unknown
UFPT,321.31,334.84,-4.0,Unknown
KINS,19.9,20.73,-4.0,Unknown
TRNS,93.84,97.76,-4.0,Industrials
TFIN,77.78,81.08,-4.1,Financial Services
D,68.77,71.69,-4.1,Unknown
JBL,369.89,385.55,-4.1,Technology
TONT,10.84,11.3,-4.1,Unknown
XRN,36.37,37.94,-4.1,Unknown
CPAY,407.62,425.24,-4.1,Unknown
BRC,94.26,98.24,-4.1,Unknown
BSRR,40.81,42.57,-4.1,Financial Services
PTEN,12.22,12.74,-4.1,Unknown
LLY,1183.16,1233.79,-4.1,Unknown
ACCO,4.23,4.41,-4.1,Industrials
ANET,201.8,210.5,-4.1,Technology
AGM,231.72,241.74,-4.1,Unknown
FNKO,6.09,6.35,-4.1,Consumer Cyclical
CHEF,110.57,115.35,-4.1,Unknown
ELS,64.89,67.65,-4.1,Unknown
SIMA,10.98,11.45,-4.1,Financial Services
DX,13.07,13.63,-4.1,Unknown
VAC,119.47,124.75,-4.2,Unknown
CFFN,8.72,9.1,-4.2,Financial Services
XMAX,8.95,9.34,-4.2,Consumer Cyclical
XEL,79.21,82.67,-4.2,Utilities
APD,300.86,314.19,-4.2,Unknown
AM,22.15,23.12,-4.2,Unknown
SWK,99.59,104.0,-4.2,Industrials
HQY,102.33,106.79,-4.2,Healthcare
DNOW,16.15,16.87,-4.3,Industrials
MDLZ,62.18,64.99,-4.3,Unknown
EXPE,318.5,332.69,-4.3,Consumer Cyclical
SYBT,84.28,88.03,-4.3,Financial Services
AYI,360.4,376.44,-4.3,Industrials
UVSP,43.06,44.98,-4.3,Financial Services
SNA,401.22,419.31,-4.3,Industrials
MCY,106.38,111.12,-4.3,Unknown
ABCB,89.04,93.17,-4.4,Financial Services
BEN,34.19,35.77,-4.4,Financial Services
FCX,68.38,71.55,-4.4,Basic Materials
JAKK,25.47,26.63,-4.4,Unknown
STBA,51.0,53.36,-4.4,Financial Services
C,138.51,144.93,-4.4,Financial Services
NVDA,225.01,235.47,-4.4,Technology
MSEX,58.02,60.71,-4.4,Utilities
DSGN,15.1,15.79,-4.4,Unknown
SKY,93.21,97.46,-4.4,Consumer Cyclical
NRC,21.77,22.77,-4.4,Unknown
CACI,649.34,680.08,-4.5,Technology
PCVX,60.22,63.04,-4.5,Healthcare
HFWA,29.6,30.99,-4.5,Financial Services
WSM,240.42,251.78,-4.5,Unknown
SF,83.99,87.98,-4.5,Financial Services
CCO,2.32,2.43,-4.5,Unknown
LIVN,81.48,85.32,-4.5,Healthcare
SELF,5.27,5.52,-4.5,Real Estate
SBH,16.24,17.0,-4.5,Unknown
BWMN,42.37,44.43,-4.6,Industrials
SILC,48.65,50.98,-4.6,Unknown
ES,71.91,75.39,-4.6,Unknown
TXRH,204.4,214.28,-4.6,Unknown
IHS,8.33,8.73,-4.6,Real Estate
NECB,26.77,28.06,-4.6,Financial Services
CTRN,72.67,76.18,-4.6,Unknown
WHG,19.41,20.34,-4.6,Unknown
MAMK,13.0,13.63,-4.6,Industrials
QMCO,24.92,26.11,-4.6,Technology
NUTX,188.41,197.51,-4.6,Unknown
EW,90.81,95.18,-4.6,Healthcare
PARR,82.07,86.03,-4.6,Unknown
GFF,102.18,107.22,-4.7,Industrials
RNR,318.5,334.24,-4.7,Financial Services
BACC,10.53,11.06,-4.7,Financial Services
NSIT,149.31,156.6,-4.7,Unknown
FSBW,42.87,44.97,-4.7,Financial Services
GPN,90.38,94.83,-4.7,Industrials
ORI,42.51,44.59,-4.7,Unknown
MLKN,23.34,24.49,-4.7,Consumer Cyclical
REYN,25.91,27.18,-4.7,Consumer Cyclical
BKU,47.86,50.23,-4.7,Financial Services
CWT,49.66,52.09,-4.7,Unknown
ONL,2.84,2.98,-4.7,Real Estate
PBT,32.92,34.53,-4.7,Energy
OLP,24.25,25.44,-4.7,Real Estate
AMTB,29.02,30.49,-4.8,Financial Services
ED,108.99,114.5,-4.8,Unknown
KALU,185.5,194.8,-4.8,Basic Materials
EVRG,83.93,88.13,-4.8,Utilities
TFX,133.07,139.77,-4.8,Unknown
KAI,329.72,346.52,-4.8,Unknown
JHS,10.96,11.51,-4.8,Financial Services
MLAB,107.64,113.2,-4.9,Technology
KMI,32.33,33.99,-4.9,Energy
UNF,286.47,301.19,-4.9,Unknown
ABBV,250.33,263.3,-4.9,Healthcare
LTC,40.51,42.62,-4.9,Unknown
FLNG,30.88,32.46,-4.9,Unknown
JBHT,283.37,297.91,-4.9,Unknown
RLI,62.42,65.65,-4.9,Unknown
RCUS,29.56,31.08,-4.9,Unknown
INCY,123.5,129.93,-4.9,Unknown
MMI,31.03,32.62,-4.9,Unknown
SMTI,34.0,35.75,-4.9,Unknown
FCPT,25.07,26.36,-4.9,Unknown
LOAR,77.83,81.9,-5.0,Unknown
LNC,44.67,47.0,-5.0,Financial Services
CSX,50.58,53.23,-5.0,Industrials
A,148.45,156.26,-5.0,Healthcare
LIND,32.77,34.48,-5.0,Unknown
CASY,870.01,915.59,-5.0,Consumer Cyclical
THRM,43.34,45.61,-5.0,Unknown
FUL,63.58,66.92,-5.0,Basic Materials
